timestamp,ip_address,user_id,event_type,reason,promotion_id,product_id
2023-02-12 16:54:52,140.189.14.190,guest,login_attempt,,,
2023-06-02 6:54:12,77.107.147.195,guest,login_attempt,,,
2023-09-27 15:34:13,39.116.191.58,rxgi4ao6,login_success,,,
2024-01-08 13:32:49,189.98.253.141,q9vaxmj2,checkout,,,
2023-10-21 23:38:42,117.82.62.21,7lvynvbp,add_to_cart,,,73488
2024-02-23 20:13:22,181.54.179.149,guest,checkout,,,
2023-03-15 0:36:46,208.211.104.213,ioodidpp,login_failure,too_many_attempts,,
2023-08-23 22:00:18,225.151.47.25,guest,promotion_click,,479,
2024-04-01 9:13:48,229.66.192.28,85poo2f3,login_failure,invalid_password,,
2023-11-30 18:17:48,53.16.163.62,tx06do81,promotion_click,,509,
2023-12-25 5:13:13,125.51.135.157,guest,login_success,,,
2023-10-23 7:01:26,53.207.106.45,guest,product_view,,,86001
2023-04-24 16:44:43,237.207.248.124,ile5j6bc,login_success,,,
2023-06-19 15:15:18,191.74.234.42,y5gyhmzi,checkout,,,
2023-11-06 4:23:22,117.32.107.207,w4m9lehk,checkout,,,
2023-09-27 8:53:48,181.236.163.166,mfv37xwn,login_attempt,,,
2023-01-23 2:10:52,183.157.39.165,hyqyzwmq,login_attempt,,,
2023-02-02 11:36:32,56.128.250.15,qlsq1m0e,checkout,,,
2023-09-11 23:17:00,132.205.140.175,m7y786w6,add_to_cart,,,58355
2023-10-19 19:50:18,32.99.163.30,161z6kfh,login_failure,user_not_found,,
2023-10-18 4:13:39,44.56.187.128,9jjh3vp5,add_to_cart,,,63736
2024-03-21 22:09:14,4.61.141.116,nlgpsyps,login_attempt,,,
2023-03-20 19:02:51,140.215.89.1,xjafzixk,login_failure,user_not_found,,
2023-01-14 10:02:14,190.208.104.24,guest,product_view,,,89274
2023-11-10 14:09:00,13.253.34.116,wzj2j8qq,login_success,,,
2023-03-31 17:21:22,48.90.249.139,u15iyh0e,login_success,,,
2024-03-05 10:48:33,225.86.205.56,guest,add_to_cart,,,35046
2023-07-31 18:59:57,139.195.193.192,guest,checkout,,,
2023-05-07 12:56:32,138.102.84.84,6ttyk4uv,checkout,,,
2023-02-13 14:01:24,143.103.229.119,8qo02w8l,login_success,,,
2023-06-14 20:56:35,39.57.19.151,qyvrlpoj,login_success,,,
2023-02-27 11:17:32,180.65.80.128,tjxeapvm,promotion_click,,528,
2023-02-06 16:21:02,235.40.145.44,m87f3xpy,add_to_cart,,,52438
2023-01-09 6:05:32,109.82.178.238,guest,login_success,,,
2023-03-04 10:34:22,17.0.45.7,2nc8tmhm,login_success,,,
2023-01-17 16:17:45,245.150.52.159,kseaztnz,login_failure,invalid_password,,
2023-08-06 12:52:01,149.198.139.179,s3we03h7,login_attempt,,,
2024-03-10 12:39:10,107.48.137.27,r25p4lwh,login_success,,,
2023-02-05 6:17:15,23.192.195.187,l3twueyr,login_failure,too_many_attempts,,
2024-01-13 10:23:16,99.143.19.212,r1hiuy5k,login_success,,,
2023-01-26 22:54:30,8.48.155.53,pd08zrqu,login_attempt,,,
2024-01-03 6:45:29,113.91.49.241,psrj4cv1,login_failure,invalid_password,,
2024-03-05 19:51:58,196.138.219.172,6kli6xw7,add_to_cart,,,11912
2023-03-17 16:49:25,88.228.102.124,grphzsb0,add_to_cart,,,26760
2023-04-07 15:01:02,42.165.34.65,esln53uw,product_view,,,51846
2023-06-19 2:22:12,190.219.220.32,f1vww2xb,login_attempt,,,
2023-09-13 3:17:39,103.15.10.232,guest,checkout,,,
2023-11-01 5:28:24,192.42.242.20,s1c18a0z,login_attempt,,,
2023-12-10 15:19:56,40.36.165.243,guest,add_to_cart,,,59098
2023-01-26 17:33:10,182.102.145.182,l6slbe85,promotion_click,,201,
2023-09-05 21:41:39,135.243.101.38,wgc8rowm,promotion_click,,891,
2023-11-13 2:36:59,184.168.229.236,lb8tfdur,product_view,,,16888
2023-05-09 7:25:27,39.30.121.172,284ebq65,checkout,,,
2023-11-07 11:16:12,101.242.15.83,52cx2ney,add_to_cart,,,56142
2023-07-13 3:44:41,245.174.13.64,01x7bq08,add_to_cart,,,49016
2023-01-27 15:04:50,179.55.33.191,lrr63kki,login_failure,user_not_found,,
2023-08-23 13:43:01,38.103.65.14,pd0cdx4n,login_failure,too_many_attempts,,
2023-12-02 2:01:18,164.98.181.55,guest,login_failure,user_not_found,,
2023-12-06 21:51:57,87.246.177.168,lwmvzsiw,login_attempt,,,
2023-05-31 19:57:08,229.190.136.171,guest,promotion_click,,653,
2024-04-03 16:47:49,41.224.195.205,wqbvzqgl,checkout,,,
2024-02-07 16:05:10,19.240.172.244,guest,login_attempt,,,
2023-12-30 0:34:02,28.104.153.241,guest,promotion_click,,811,
2023-05-04 12:49:29,62.188.198.156,r5yfkec3,login_success,,,
2024-02-02 12:03:35,38.173.99.24,0ei5xw2w,add_to_cart,,,46123
2024-02-18 4:10:51,88.112.191.217,guest,add_to_cart,,,97311
2023-01-03 12:47:54,81.134.199.87,ugeckzte,login_failure,too_many_attempts,,
2024-04-05 22:51:58,143.33.150.146,wk63sptx,product_view,,,60942
2024-03-27 20:32:44,84.148.234.129,bd7u390v,add_to_cart,,,50980
2023-11-09 6:24:37,110.60.225.16,d6914ytw,login_attempt,,,
2023-10-30 9:46:34,14.237.69.167,guest,product_view,,,43533
2023-05-03 19:36:37,60.214.119.169,ijk0twxu,checkout,,,
2023-11-23 9:18:36,57.243.90.50,5ccv52rl,login_attempt,,,
2023-07-29 2:54:40,248.170.249.121,p5q15qc7,login_attempt,,,
2023-04-16 6:54:04,60.36.103.200,guest,login_attempt,,,
2023-06-23 7:24:20,244.234.76.36,u632yw1f,login_failure,user_not_found,,
2023-05-14 4:10:17,230.109.25.56,zvhtuv2h,product_view,,,35924
2023-06-11 1:59:51,235.26.76.189,sibh4oho,add_to_cart,,,39236
2023-08-13 14:54:29,100.202.85.120,x1qgfr72,promotion_click,,380,
2023-12-26 10:16:45,107.51.232.236,mc1jdxt1,checkout,,,
2023-11-04 8:37:20,95.242.222.69,hoke1drj,add_to_cart,,,62998
2024-01-19 0:07:02,197.66.11.248,nh6pa4ht,login_failure,user_not_found,,
2023-03-08 6:06:14,250.50.129.97,9b5jokkn,login_failure,too_many_attempts,,
2024-01-09 7:27:52,8.153.83.22,t7dfgqzv,promotion_click,,400,
2023-04-05 3:15:40,104.237.252.85,zmc3u0dr,login_failure,too_many_attempts,,
2023-03-05 22:42:04,74.150.166.77,o45ctobn,product_view,,,33087
2023-10-29 16:39:24,76.80.162.169,guest,login_success,,,
2023-08-31 6:42:53,112.58.249.20,zd5wfp7o,login_attempt,,,
2023-04-25 23:39:14,147.178.21.207,xp5t6n09,checkout,,,
2023-11-03 1:02:17,100.215.51.69,r13c0408,promotion_click,,958,
2024-02-03 16:23:24,48.112.81.34,h1pjta0f,checkout,,,
2023-11-16 5:59:15,146.108.176.225,g1uilj96,promotion_click,,289,
2023-12-28 13:41:54,74.224.156.111,iqs45355,add_to_cart,,,55038
2023-03-03 1:35:47,45.136.152.216,a0c10dm9,add_to_cart,,,61674
2023-04-28 2:31:16,223.217.42.183,x3wj9tls,login_failure,too_many_attempts,,
2024-04-20 18:51:45,57.1.184.239,3f9yyw6x,login_attempt,,,
2023-05-02 11:23:21,158.130.7.81,zstirn73,login_attempt,,,
2023-06-03 10:24:20,240.57.217.94,008r2feg,login_failure,user_not_found,,
2024-04-01 14:18:27,108.10.188.93,guest,product_view,,,33311
2023-06-27 14:12:51,223.145.79.53,tjpfev4h,promotion_click,,496,
2024-03-30 9:47:46,145.20.10.186,77q9obh6,login_success,,,
2023-07-03 20:37:35,182.210.221.97,g0zq27f1,login_failure,invalid_password,,
2023-07-26 16:37:08,108.106.129.215,cgsnnig5,login_failure,invalid_password,,
2024-01-09 23:30:42,50.89.29.69,guest,login_attempt,,,
2024-01-10 22:50:39,100.109.132.148,kdj7aof2,add_to_cart,,,10155
2023-01-03 11:36:52,250.105.251.81,m5cp83lt,product_view,,,96459
2024-03-24 17:56:45,185.246.199.239,mygz0h3r,checkout,,,
2023-05-23 0:58:39,143.81.175.231,4vj4xmig,login_success,,,
2023-05-21 9:51:21,104.226.133.25,rmy8is58,add_to_cart,,,23031
2023-05-30 9:16:26,97.3.238.84,guest,product_view,,,65624
2024-01-18 22:11:19,204.118.65.30,hajwtroz,login_success,,,
2023-03-10 2:41:13,240.62.133.23,dcll452f,product_view,,,20178
2023-02-18 10:57:14,149.204.175.241,hdj5y852,checkout,,,
2024-03-22 11:54:41,254.183.161.175,lez23dza,login_failure,too_many_attempts,,
2023-07-09 18:49:29,178.129.94.139,xddffu66,promotion_click,,208,
2023-09-12 14:26:37,20.36.44.237,nzmf95v2,login_attempt,,,
2024-01-14 9:13:26,44.24.225.202,iw3c2pp6,login_failure,user_not_found,,
2023-09-03 2:14:42,10.45.49.156,0wvhl4v8,checkout,,,
2023-08-02 10:05:21,249.102.237.147,fiovfvv1,checkout,,,
2023-06-04 20:29:31,216.224.141.41,69sjexn4,add_to_cart,,,75572
2023-05-04 15:06:25,239.114.172.90,2vwxtbki,promotion_click,,801,
2023-04-10 7:34:54,71.135.208.142,j6cm8hdy,promotion_click,,641,
2024-01-30 13:39:34,144.67.142.91,guest,login_attempt,,,
2023-08-26 6:03:55,248.230.0.208,jnbnysey,login_failure,too_many_attempts,,
2023-02-13 15:56:13,223.65.205.8,rhsnevda,product_view,,,73753
2023-07-03 21:59:53,95.147.87.206,ytx4r209,promotion_click,,800,
2023-04-05 14:57:53,117.35.185.127,guest,login_attempt,,,
2024-04-13 7:04:28,9.123.77.65,hptz5re5,product_view,,,95322
2023-08-23 22:19:23,100.111.242.34,0io5jfjv,promotion_click,,355,
2023-10-22 4:18:43,63.102.53.226,64bx894u,promotion_click,,934,
2023-12-16 6:29:24,100.91.160.212,f6ovgm80,login_success,,,
2023-09-11 14:38:43,68.117.124.58,6u7wq97x,product_view,,,63110
2023-03-15 13:52:48,8.96.221.193,0kwzimi5,product_view,,,87452
2023-05-26 8:49:20,127.35.177.74,kcw3g316,checkout,,,
2023-07-03 8:16:10,79.78.192.157,odxjztfx,login_attempt,,,
2023-01-12 13:09:16,76.34.250.207,a0w7ugke,add_to_cart,,,69223
2023-03-12 1:56:20,60.20.109.21,i4g0861z,checkout,,,
2023-09-11 6:56:42,229.104.100.253,nz3ps25h,login_attempt,,,
2023-01-29 20:04:27,80.128.69.177,ccbt2aed,add_to_cart,,,81904
2024-03-24 9:41:02,1.242.46.108,guest,login_attempt,,,
2024-01-05 14:50:25,8.245.16.69,84bow5df,product_view,,,58794
2024-03-19 23:42:57,152.175.24.79,0w9eqpkq,add_to_cart,,,73370
2024-01-16 19:59:58,238.235.166.77,okpuzadb,product_view,,,26942
2023-04-07 14:30:21,201.126.214.163,lkov2hks,login_failure,invalid_password,,
2023-04-16 12:05:02,255.215.171.137,guest,login_success,,,
2024-03-23 15:28:33,99.218.202.221,87nj0cz4,add_to_cart,,,68132
2024-02-03 5:59:03,70.85.10.21,duw1ensn,add_to_cart,,,33285
2024-01-12 16:35:10,73.180.13.5,8in8gknx,login_attempt,,,
2023-05-04 9:36:04,14.59.209.219,3ae7dm7h,login_attempt,,,
2023-10-17 14:09:09,59.253.56.4,xrmj54co,login_failure,invalid_password,,
2023-09-21 18:52:00,117.157.226.107,j7r4og4c,checkout,,,
2024-03-22 8:42:52,221.191.25.85,rdrws662,product_view,,,25362
2023-01-31 14:43:42,129.109.28.125,qwz6gkca,add_to_cart,,,16002
2023-08-04 3:06:57,98.127.17.9,b7b193oz,add_to_cart,,,62489
2023-07-01 18:51:45,255.153.114.64,2yydxt5s,login_success,,,
2023-05-03 12:08:26,157.181.78.76,e20pfmsl,login_failure,invalid_password,,
2024-03-27 14:27:01,207.50.227.191,jwjfo7d4,login_attempt,,,
2024-02-25 19:42:00,45.95.220.76,guest,login_attempt,,,
2023-11-26 13:35:58,124.145.211.233,ah19e8d0,promotion_click,,329,
2024-04-16 6:05:58,246.241.70.254,0kzlqkqm,login_success,,,
2023-11-28 0:10:08,155.226.196.34,79qeilpp,login_failure,user_not_found,,
2023-07-09 5:21:29,193.109.46.71,guest,promotion_click,,263,
2024-02-21 4:16:19,156.70.164.248,g1yc60c5,login_attempt,,,
2023-06-25 1:45:00,172.192.243.18,q24i7tyk,add_to_cart,,,63591
2023-04-29 8:57:05,50.0.9.207,3t4twnuk,add_to_cart,,,98650
2023-08-01 21:31:34,22.162.61.89,ml3m5e3k,promotion_click,,731,
2023-10-15 11:43:41,47.12.17.158,guest,add_to_cart,,,77363
2024-02-02 11:54:04,38.228.157.162,guest,login_success,,,
2024-02-20 11:14:02,227.154.52.212,guest,login_attempt,,,
2024-04-12 17:40:20,37.98.44.189,f3h1cxow,add_to_cart,,,35185
2023-06-24 8:26:53,124.213.49.137,guest,checkout,,,
2023-10-20 2:11:44,156.176.252.64,hsgthw9x,checkout,,,
2023-12-24 10:27:30,16.91.201.95,yqicegw3,add_to_cart,,,42609
2024-04-01 23:56:11,140.160.110.114,guest,add_to_cart,,,13817
2023-07-18 16:28:44,90.138.97.134,y8ii0z9d,product_view,,,79768
2023-10-09 19:30:55,61.228.34.208,e87rpq16,login_success,,,
2024-03-21 15:22:27,96.241.52.57,guest,login_failure,invalid_password,,
2023-07-02 23:51:47,212.16.28.181,pi5h8fh5,checkout,,,
2023-10-26 11:07:40,243.38.127.136,b5s0dnwi,product_view,,,86968
2024-04-01 22:39:25,60.162.163.3,stj5ofpq,login_failure,invalid_password,,
2023-06-29 4:39:27,49.224.96.87,n1yefev1,promotion_click,,294,
2024-01-20 4:24:47,226.208.139.18,b6rp3802,login_failure,invalid_password,,
2023-02-24 22:21:09,131.198.218.141,1xqt73r5,promotion_click,,515,
2023-12-06 22:13:57,129.168.3.233,o8o0c76m,login_success,,,
2023-02-04 1:15:35,8.48.91.230,guest,promotion_click,,568,
2023-01-17 16:48:09,101.53.100.110,lq5u3itw,login_success,,,
2024-03-13 20:40:37,155.80.77.141,14o1ks0s,checkout,,,
2023-03-17 15:23:48,0.172.18.81,guest,login_failure,invalid_password,,
2023-12-03 11:47:51,88.9.181.16,9tpogcyf,add_to_cart,,,10590
2023-02-06 15:29:07,181.93.32.137,ac37zkos,login_failure,user_not_found,,
2023-05-03 1:27:11,86.146.247.209,guest,add_to_cart,,,14975
2023-10-11 10:26:19,232.85.234.180,ocw8wib0,login_failure,user_not_found,,
2023-03-11 17:47:03,235.137.221.59,8457ullu,checkout,,,
2024-03-31 14:10:04,150.137.53.78,guest,login_success,,,
2023-08-13 5:58:57,28.96.27.226,el5wvsxw,login_failure,too_many_attempts,,
2023-08-29 12:49:45,127.150.142.117,rhjq1qvu,login_attempt,,,
2023-01-17 9:01:44,50.42.230.199,810n4ayb,checkout,,,
2023-07-24 0:30:02,222.186.65.116,xfofo325,login_success,,,
2024-01-05 23:08:56,130.243.131.67,xh7fyol1,login_failure,user_not_found,,
2024-01-05 21:35:10,237.87.60.157,2zyblofv,checkout,,,
2024-01-07 14:25:53,11.152.63.240,n0jr6dwo,product_view,,,51564
2023-07-08 17:26:42,220.93.123.18,0mypi4pl,login_failure,too_many_attempts,,
2023-09-16 18:45:21,83.211.17.219,28lemwjz,login_attempt,,,
2023-12-11 11:44:29,95.43.110.180,4rr4sx1y,checkout,,,
2023-12-30 5:38:32,49.125.203.139,xfi7bxeg,checkout,,,
2023-05-04 19:13:11,217.206.0.248,guest,login_attempt,,,
2024-03-16 20:55:24,93.102.172.219,ynb8m6jp,checkout,,,
2023-03-15 8:52:35,95.246.57.200,3wwpdsw6,add_to_cart,,,59462
2024-03-13 4:23:01,155.82.209.117,2bp0x0ve,login_failure,user_not_found,,
2023-04-01 11:41:02,18.147.75.63,dqr673c1,add_to_cart,,,17771
2024-04-16 7:24:16,108.190.152.1,46o32oql,add_to_cart,,,52227
2023-12-28 13:37:10,51.155.1.78,jcvgi11p,product_view,,,46995
2023-08-21 15:03:23,210.4.197.40,0f1p3k20,promotion_click,,307,
2023-05-13 10:53:30,212.222.167.16,wqmlo0fn,checkout,,,
2023-01-20 2:47:46,20.50.125.210,grcv1hfr,checkout,,,
2024-04-11 16:11:01,194.95.18.21,rzn6gzjg,promotion_click,,845,
2023-05-08 3:47:02,105.5.183.251,g6pbfd0l,login_success,,,
2024-03-06 3:21:24,179.116.93.139,guest,login_attempt,,,
2024-02-14 19:41:52,184.29.247.187,xzgpdwyi,login_success,,,
2023-07-05 12:56:48,253.16.51.238,guest,add_to_cart,,,19125
2023-06-28 5:31:52,71.202.189.166,guest,promotion_click,,153,
2023-10-28 0:16:40,167.51.185.222,lrorq3qe,add_to_cart,,,31961
2024-04-18 0:24:41,30.114.121.211,7fdc2yd9,checkout,,,
2023-12-20 13:55:02,131.0.71.230,6gw67mp0,promotion_click,,525,
2023-04-14 19:48:14,190.144.60.119,uejqd5y4,login_failure,too_many_attempts,,
2023-02-28 5:56:14,151.193.173.124,73i8clxz,login_success,,,
2023-07-02 6:38:43,72.130.128.233,npcnsmdk,login_failure,too_many_attempts,,
2023-05-31 7:15:55,29.57.190.61,jp07pgjs,login_failure,too_many_attempts,,
2023-09-21 1:04:53,27.200.146.51,guest,login_failure,invalid_password,,
2023-05-30 13:03:59,118.19.38.254,2yddx0yz,login_failure,user_not_found,,
2023-02-28 21:35:41,173.66.210.116,guest,checkout,,,
2023-01-07 7:20:52,146.223.114.84,upc32ng6,login_success,,,
2023-09-02 11:28:34,226.20.131.204,g859hb7m,product_view,,,21380
2024-03-11 14:37:28,1.13.189.100,accidcao,login_success,,,
2023-11-15 14:56:31,0.205.47.41,guest,checkout,,,
2023-01-31 17:30:52,90.206.57.45,x8x4giqb,promotion_click,,582,
2023-05-28 0:33:25,73.108.68.184,pjp895d7,checkout,,,
2023-01-03 3:41:06,247.61.116.14,2qcdvs2d,checkout,,,
2023-03-03 7:39:41,170.103.5.11,jh30wtvn,add_to_cart,,,97761
2023-09-21 3:35:11,154.216.167.237,medpy9ji,checkout,,,
2023-01-27 15:56:18,169.89.205.210,5audk5fg,login_attempt,,,
2023-01-09 15:36:54,37.114.137.91,gosid7a8,login_attempt,,,
2024-03-25 14:33:46,250.10.59.112,guest,login_success,,,
2023-04-06 7:09:58,111.108.52.125,an1lk2ay,login_attempt,,,
2023-11-16 18:39:33,255.182.197.176,qgqunri6,login_success,,,
2023-06-29 13:52:12,131.124.68.92,gtn67enl,promotion_click,,347,
2023-01-11 15:12:51,202.46.229.107,qrf0cn5r,promotion_click,,428,
2023-04-21 12:57:04,186.109.0.153,lns2tspp,promotion_click,,664,
2023-04-03 17:41:14,199.243.84.6,00evuzii,login_attempt,,,
2023-11-28 6:30:01,247.184.60.89,guest,login_failure,invalid_password,,
2023-08-28 5:48:45,93.2.86.141,guest,login_attempt,,,
2023-07-05 20:08:52,137.124.231.174,508uzom2,checkout,,,
2023-04-11 2:37:09,217.237.86.168,rb2oatc1,login_attempt,,,
2023-10-21 1:44:42,30.204.243.117,n5cef2dv,add_to_cart,,,82880
2023-12-25 10:21:51,236.79.29.80,pyqc73tq,product_view,,,16771
2023-11-19 11:58:59,200.144.53.171,eb8e5k2a,add_to_cart,,,45159
2024-02-11 1:41:41,76.216.136.206,8vxk91p0,product_view,,,86745
2023-07-04 10:20:37,147.237.145.86,eu3502pd,add_to_cart,,,52565
2024-03-20 17:47:27,194.23.15.91,uelwprag,login_failure,invalid_password,,
2024-03-09 1:22:23,246.31.201.181,cq7psggm,checkout,,,
2023-11-18 6:49:16,136.96.186.64,c7q6xt70,login_success,,,
2023-04-06 20:28:46,57.180.19.57,trtwoff8,login_success,,,
2023-01-28 7:37:43,177.172.135.167,xbeq8qo2,add_to_cart,,,57120
2023-04-25 21:29:27,81.211.245.240,zt3un6o2,login_attempt,,,
2023-07-08 12:30:01,171.63.56.10,8ysg9nxn,product_view,,,12836
2023-05-31 16:23:46,130.3.37.140,pnm0n3cb,login_success,,,
2023-12-02 7:47:47,167.40.188.88,f41f1w5o,promotion_click,,965,
2023-08-27 16:54:42,25.195.13.89,h8g2velf,promotion_click,,162,
2023-10-21 15:31:05,43.84.39.237,d3ud34uv,login_attempt,,,
2023-11-08 5:36:05,135.145.163.201,guest,login_success,,,
2023-04-24 4:10:28,226.6.4.41,45fwgbpi,checkout,,,
2023-06-17 22:22:37,103.182.249.119,cfnc1jb6,add_to_cart,,,85654
2023-05-29 21:39:32,197.50.171.55,rcfgxqwv,login_failure,invalid_password,,
2023-12-25 21:41:08,59.74.250.61,sp1sitjs,product_view,,,41985
2023-02-24 20:35:07,89.241.244.45,8ei1srbd,promotion_click,,771,
2023-02-16 5:40:56,244.225.184.235,aoyhref2,promotion_click,,627,
2023-12-06 15:43:32,122.207.252.6,s4a1n58m,login_attempt,,,
2023-07-15 1:12:15,11.148.136.105,be8n5wk2,checkout,,,
2023-08-02 17:25:39,181.214.226.109,guest,promotion_click,,439,
2023-05-18 11:53:22,212.101.210.69,khcelck8,product_view,,,82336
2024-03-30 11:14:42,179.69.146.211,kqk19afv,product_view,,,38276
2023-10-03 7:45:20,191.241.193.253,nlusmnbv,promotion_click,,766,
2023-09-22 13:08:06,249.176.106.47,a9115eai,promotion_click,,145,
2023-05-08 20:45:34,221.117.218.183,guest,checkout,,,
2023-01-06 19:10:48,196.171.192.109,7axt7b0f,product_view,,,80768
2023-07-22 10:31:39,23.55.88.194,d0q7v9bg,login_failure,invalid_password,,
2023-05-05 11:56:22,243.28.76.20,guest,login_failure,user_not_found,,
2023-11-07 4:33:32,93.2.26.220,tttaakpo,login_attempt,,,
2023-06-08 2:43:00,4.171.48.27,s43np3xi,login_failure,invalid_password,,
2023-01-28 20:28:25,57.8.226.246,300aid37,add_to_cart,,,85863
2023-07-05 12:36:09,247.188.254.112,guest,login_failure,invalid_password,,
2023-10-23 23:25:34,117.62.67.131,8upvrt4s,product_view,,,62865
2023-08-18 22:20:55,251.171.110.147,wsmi3v0h,login_attempt,,,
2023-05-22 19:56:19,213.85.210.74,ow2ia258,login_success,,,
2023-05-30 14:50:53,119.72.252.236,qgohnfvb,login_failure,too_many_attempts,,
2023-10-03 7:44:24,11.161.146.144,r9vkl875,promotion_click,,144,
2024-01-06 23:01:56,191.23.189.161,2lmcjrdm,checkout,,,
2023-08-30 21:26:55,149.230.240.48,guest,login_attempt,,,
2023-07-11 13:11:56,208.230.166.35,guest,checkout,,,
2023-05-14 7:06:07,202.69.162.131,guest,login_success,,,
2023-06-10 2:39:57,48.227.70.232,t9f6en4y,login_success,,,
2023-12-10 16:13:15,34.125.202.252,i5jq2m43,login_failure,too_many_attempts,,
2023-09-04 5:25:38,151.213.217.126,r9blebrj,promotion_click,,206,
2023-11-17 4:25:51,8.43.35.153,guest,product_view,,,37861
2023-01-14 23:57:20,34.129.40.122,mcklrsyf,checkout,,,
2023-05-08 2:40:44,159.132.25.110,2fje4z2h,login_failure,too_many_attempts,,
2024-01-15 23:39:59,81.49.106.198,a8huxkzf,checkout,,,
2024-01-11 12:25:04,126.186.163.239,7crmwmbe,product_view,,,37401
2023-10-25 15:38:42,229.215.180.167,guest,login_failure,user_not_found,,
2023-09-18 21:52:28,108.134.160.4,ksafngny,product_view,,,82024
2023-01-07 17:08:48,165.100.104.68,guest,login_failure,too_many_attempts,,
2023-10-09 17:19:49,168.194.236.42,8pytoejd,checkout,,,
2023-08-12 10:37:41,208.25.27.92,ob8gqv9d,login_attempt,,,
2023-12-18 10:25:03,62.254.163.228,guest,add_to_cart,,,64267
2023-04-04 19:50:48,40.105.173.188,1wynqz0u,login_attempt,,,
2023-11-29 4:35:08,126.248.117.136,4mje1vhf,product_view,,,19566
2023-11-09 19:07:26,9.174.90.201,fim9bljg,product_view,,,55457
2023-12-17 18:06:25,15.102.87.46,wq5aues4,product_view,,,36092
2023-07-07 11:51:44,176.97.31.44,60hco528,login_success,,,
2023-04-10 3:49:51,215.233.25.166,6ew4ub7c,product_view,,,12316
2023-05-24 0:19:18,9.13.85.147,guest,add_to_cart,,,24074
2023-08-16 2:59:42,231.47.67.2,ssgaedlz,login_failure,user_not_found,,
2024-03-12 21:37:54,96.28.138.228,ezwix5ya,login_success,,,
2023-09-13 9:55:05,172.253.241.144,tf5m8aw5,add_to_cart,,,84946
2023-11-24 14:48:50,151.228.243.34,otopiu2p,login_failure,too_many_attempts,,
2023-12-25 8:59:36,71.3.124.24,qvq1h0qj,product_view,,,98622
2023-03-17 5:12:47,72.120.26.193,38yryn7h,login_failure,invalid_password,,
2023-11-09 6:15:49,140.34.172.152,oay8qxrc,product_view,,,15766
2023-09-02 20:18:47,0.228.118.139,t91q7grx,checkout,,,
2023-08-06 4:35:07,187.239.163.173,i8s5jql0,login_failure,user_not_found,,
2023-11-20 6:10:02,224.172.173.217,2izbgu74,add_to_cart,,,68201
2023-11-28 1:30:55,48.100.212.165,hwdq68j5,login_attempt,,,
2023-02-26 19:33:34,149.159.229.222,guest,login_attempt,,,
2023-05-09 12:38:21,176.105.241.105,4caypadg,login_attempt,,,
2023-08-21 20:52:21,125.20.221.102,wozlu8cw,checkout,,,
2023-08-09 0:00:42,221.106.154.95,3029wuoh,checkout,,,
2023-06-05 23:36:09,30.40.141.97,5dzpn4mj,login_success,,,
2023-11-27 15:06:14,45.46.224.233,htmqcdkc,add_to_cart,,,15484
2023-12-12 9:43:17,101.35.165.235,s4s1cuyr,login_attempt,,,
2023-08-03 16:14:30,27.211.60.168,gii7seic,checkout,,,
2023-08-15 23:22:53,160.224.1.70,guest,login_failure,user_not_found,,
2023-10-29 7:29:55,107.220.34.91,8w34epek,product_view,,,39143
2023-04-24 17:13:21,63.138.16.130,lxplp7hm,login_failure,user_not_found,,
2024-04-13 6:10:04,232.72.44.182,guest,add_to_cart,,,57709
2023-01-20 7:29:38,147.84.96.25,71zokv9p,login_failure,user_not_found,,
2023-04-04 17:13:33,78.60.195.148,5k961qhd,login_attempt,,,
2023-05-13 18:47:25,118.124.178.144,guest,login_attempt,,,
2023-08-12 21:04:40,130.251.202.130,ycpzz8sz,product_view,,,88831
2023-02-01 1:01:36,238.68.111.248,wckg9pa4,product_view,,,10133
2023-08-19 6:19:36,146.188.65.127,guest,product_view,,,71120
2024-04-21 15:51:08,59.182.10.140,guest,add_to_cart,,,74856
2023-11-21 11:41:30,130.92.220.190,k3qwuvbs,login_success,,,
2023-12-01 2:59:26,202.249.56.23,sjn80ety,product_view,,,50549
2023-12-15 13:09:25,254.76.175.3,guest,checkout,,,
2023-03-17 19:51:49,188.228.212.166,62ncidj3,login_attempt,,,
2023-04-12 1:42:26,203.187.125.28,xsk3uybc,login_failure,invalid_password,,
2023-09-04 14:42:47,90.35.240.66,m2zcpjeb,add_to_cart,,,30673
2023-01-04 2:06:54,50.237.55.110,s9f6uepj,add_to_cart,,,80019
2023-07-20 7:22:25,93.24.30.108,iq1ipy28,login_success,,,
2024-03-03 0:51:28,42.26.123.9,jzknvpqp,checkout,,,
2024-04-21 4:40:50,98.174.172.246,njw3sifv,product_view,,,30208
2024-02-07 13:59:47,242.145.191.15,qqq5x7zo,add_to_cart,,,23249
2023-04-14 9:49:42,75.148.80.5,xam254z4,product_view,,,99979
2023-01-03 15:11:29,211.247.227.142,x1v94fsi,product_view,,,66006
2023-03-26 23:26:04,147.100.34.196,z1kwrpxg,login_failure,too_many_attempts,,
2024-03-07 17:32:50,125.102.213.90,7vxudzop,login_attempt,,,
2023-12-13 11:21:54,50.178.27.201,tlu1pcv2,checkout,,,
2023-07-25 6:44:50,195.232.76.27,pr1vnw5k,promotion_click,,242,
2023-03-05 5:43:47,168.35.12.251,2zlsfcfv,login_attempt,,,
2024-02-09 12:16:25,84.197.206.182,eysv9yto,login_failure,user_not_found,,
2023-12-22 5:30:22,93.130.251.167,guest,promotion_click,,794,
2024-02-05 21:51:43,150.108.179.51,l327kd2x,add_to_cart,,,19577
2024-04-07 7:21:56,162.233.190.217,dgj9k747,product_view,,,31313
2023-12-23 3:44:06,83.176.54.49,guest,promotion_click,,967,
2023-12-30 13:33:02,101.223.108.214,qutcb7zv,checkout,,,
2023-12-31 3:52:22,31.0.163.108,ypw256se,promotion_click,,207,
2023-04-22 10:42:31,39.192.31.34,guest,checkout,,,
2023-05-10 18:06:42,8.138.7.36,guest,login_attempt,,,
2024-01-16 11:08:12,177.103.91.236,o4dlnjbw,checkout,,,
2024-02-18 19:14:05,49.133.219.138,44hd45uf,add_to_cart,,,33086
2023-09-19 20:34:03,242.252.96.68,6dtca7lx,add_to_cart,,,90568
2024-03-11 2:11:15,250.219.251.70,ax8a12q0,login_attempt,,,
2023-08-13 16:37:09,129.188.211.79,guest,promotion_click,,293,
2023-06-13 19:24:01,250.95.103.125,guest,login_attempt,,,
2023-03-25 3:57:42,207.147.32.125,ehsi434a,add_to_cart,,,76844
2023-10-22 17:35:47,53.242.244.249,h75inbg7,checkout,,,
2023-10-21 2:50:33,157.249.208.118,2fn2274r,product_view,,,52740
2023-01-25 6:10:31,51.158.202.138,wkrvngh1,login_attempt,,,
2023-07-14 17:37:28,86.15.170.220,46norhkd,product_view,,,97256
2023-04-05 11:07:01,32.179.246.31,aw0ajwxu,login_attempt,,,
2023-05-09 0:50:48,64.91.9.211,49sohpsd,product_view,,,61091
2023-07-13 17:15:09,248.121.181.21,dnmbykva,login_attempt,,,
2023-12-02 1:10:01,118.207.155.248,7qq7mv2b,login_failure,user_not_found,,
2023-05-08 15:18:30,227.122.39.213,0742t2l1,login_failure,user_not_found,,
2023-01-01 0:11:57,92.54.99.77,ju9zvf5n,login_success,,,
2023-01-30 11:47:05,132.102.97.51,sefxov9i,login_attempt,,,
2023-01-14 9:38:34,62.231.208.32,guest,promotion_click,,731,
2023-06-10 6:31:38,192.48.45.42,35076szo,checkout,,,
2024-03-02 3:14:43,226.9.205.255,4txxdq0o,login_failure,user_not_found,,
2024-03-20 0:46:19,158.21.4.37,q1cjd1o4,promotion_click,,499,
2024-03-11 0:24:24,185.26.104.187,i0xturbt,login_attempt,,,
2023-11-05 6:05:12,164.25.15.200,2nfffw2b,product_view,,,58629
2023-02-17 9:15:42,205.29.194.117,773sd08l,checkout,,,
2023-02-27 8:34:18,155.12.124.76,8kz6nv3s,login_attempt,,,
2024-04-25 3:16:25,73.4.246.186,salfxxgs,product_view,,,87051
2024-04-15 14:39:17,240.85.53.107,nw1w2yrl,promotion_click,,469,
2023-09-09 1:56:34,2.194.180.1,guest,add_to_cart,,,97970
2023-05-29 17:34:55,147.112.189.188,x7hhsk16,promotion_click,,969,
2023-09-01 7:54:13,135.128.251.54,8gpiecal,login_attempt,,,
2023-06-16 3:38:22,218.233.20.7,tmlzuwej,checkout,,,
2023-12-25 18:38:16,57.113.243.1,guest,login_attempt,,,
2023-11-20 12:11:11,30.247.18.209,5vifypyr,product_view,,,80277
2023-07-30 2:15:48,73.217.81.21,guest,promotion_click,,389,
2023-09-23 15:51:47,21.65.168.40,nkutjm2j,promotion_click,,952,
2023-10-30 3:08:59,25.209.222.216,hul65vb6,product_view,,,22978
2023-07-13 6:56:09,134.141.63.231,e24lxz30,login_failure,too_many_attempts,,
2023-03-01 1:52:03,27.133.61.236,guest,login_success,,,
2024-04-10 0:17:24,83.169.247.5,d2bgu978,promotion_click,,253,
2024-04-02 2:45:34,143.222.150.26,f4nw9wtk,login_attempt,,,
2023-03-27 21:01:52,111.127.128.77,4vxaaay2,login_success,,,
2023-10-20 14:55:12,173.200.254.127,o2xpjwrh,add_to_cart,,,27354
2023-12-06 17:35:11,58.252.154.251,guest,login_success,,,
2023-05-18 6:09:41,168.89.220.232,zc9qye0x,login_success,,,
2024-03-04 5:04:05,186.106.107.163,guest,login_failure,too_many_attempts,,
2023-04-01 9:09:33,63.168.237.254,cbccyx76,checkout,,,
2023-09-01 9:54:50,239.216.45.210,t5eupyrz,login_success,,,
2024-01-10 22:31:40,198.217.130.75,q03tcp3n,checkout,,,
2023-10-16 17:39:30,221.150.57.228,6njl6xjh,checkout,,,
2023-06-09 15:38:59,68.203.6.177,guest,login_failure,invalid_password,,
2024-02-18 13:34:31,154.96.44.128,lvkkcht9,login_attempt,,,
2024-04-02 23:01:13,186.147.138.104,0wekv1zt,login_failure,user_not_found,,
2024-03-28 20:46:02,161.44.191.216,k6pgymbc,promotion_click,,705,
2024-03-31 10:47:29,252.221.200.182,k781c00p,checkout,,,
2023-09-21 9:55:12,218.67.94.122,guest,product_view,,,83178
2023-10-12 8:58:47,123.236.223.109,yxrok4wx,promotion_click,,262,
2023-02-05 20:05:43,207.90.177.124,mas7ji3h,promotion_click,,498,
2023-04-07 12:41:26,184.211.189.82,cufxqyeq,product_view,,,96037
2023-01-10 18:31:27,200.163.123.207,g1pwqa9z,add_to_cart,,,91481
2023-08-04 9:08:31,119.77.87.203,vr4efal9,login_success,,,
2023-05-14 23:50:37,215.122.8.201,dyxr8smu,checkout,,,
2023-05-08 12:38:18,183.127.28.69,sti6so5s,checkout,,,
2023-04-26 14:48:16,43.160.8.217,jf3azg7c,login_success,,,
2024-02-21 3:50:10,93.105.93.90,guest,checkout,,,
2023-12-24 7:39:53,92.128.151.238,a1wncot9,login_success,,,
2023-03-19 16:20:16,64.101.52.29,m8rxwarv,promotion_click,,492,
2023-10-16 18:23:52,105.248.255.186,pea75h2u,login_success,,,
2023-01-02 19:19:19,28.39.196.220,fywxof7c,promotion_click,,462,
2023-05-20 15:46:21,5.44.53.227,3be0flfo,login_attempt,,,
2023-06-21 11:59:19,140.6.45.89,uzpc5xxc,login_success,,,
2023-12-26 2:39:51,131.17.229.253,9569bgpu,checkout,,,
2024-01-16 2:46:54,28.165.60.26,guest,add_to_cart,,,16819
2023-12-10 23:47:32,211.93.74.223,guest,login_success,,,
2023-04-17 18:38:55,103.113.167.167,guest,promotion_click,,857,
2023-05-10 19:55:02,145.41.132.11,hjffcvjn,login_success,,,
2023-12-17 6:19:46,143.88.168.85,guest,product_view,,,41898
2023-02-05 5:36:40,64.35.144.165,0pj0nl3n,product_view,,,58892
2024-03-08 13:09:32,186.116.12.20,79sy0wxv,checkout,,,
2024-01-05 8:39:03,246.96.178.8,0beug12a,checkout,,,
2024-03-07 5:44:02,98.201.226.54,tsh4hcyn,add_to_cart,,,17376
2023-08-15 4:39:50,135.1.191.118,1iofqpbw,login_attempt,,,
2024-02-12 20:30:22,111.62.152.0,7zacs7fn,product_view,,,75579
2023-02-01 9:08:36,37.240.210.230,guest,add_to_cart,,,79915
2023-05-06 20:15:52,253.234.3.24,2efd0a9v,product_view,,,72120
2023-08-28 20:41:34,160.249.7.99,47eyzwpc,add_to_cart,,,94036
2023-11-17 3:51:33,11.158.72.137,rotjcxzj,product_view,,,67900
2023-10-04 3:07:54,19.240.62.221,2zzl59at,login_attempt,,,
2024-02-15 10:40:26,67.245.18.207,8c5ltx3l,add_to_cart,,,15358
2023-10-26 9:25:46,34.195.26.130,02vuh8j9,promotion_click,,444,
2024-04-16 22:19:12,168.69.16.139,iovgvuyh,login_failure,user_not_found,,
2024-03-27 2:47:38,158.107.250.87,89h28bo9,promotion_click,,613,
2024-02-02 20:36:25,125.97.140.115,guest,login_failure,invalid_password,,
2023-07-29 0:21:22,98.173.229.134,dd8emv5t,product_view,,,53541
2023-01-15 13:37:38,92.196.122.230,guest,promotion_click,,194,
2023-08-28 17:16:11,239.167.236.98,664z09nx,promotion_click,,247,
2023-07-17 3:35:01,157.33.26.53,guest,product_view,,,34326
2024-01-15 23:48:36,7.12.35.37,v6evqri6,promotion_click,,717,
2023-01-04 2:04:08,75.96.245.221,i4i8iz8s,login_attempt,,,
2023-01-31 9:52:32,49.92.230.253,1ea934qq,product_view,,,16874
2023-05-24 22:47:44,147.157.152.213,dcetcwuj,login_failure,invalid_password,,
2023-10-22 16:22:15,172.239.157.118,guest,login_attempt,,,
2023-02-24 23:00:43,215.150.173.118,guest,login_attempt,,,
2023-10-02 6:37:15,124.106.207.248,guest,product_view,,,12319
2023-07-19 14:03:49,74.195.22.18,7a66u9sb,promotion_click,,258,
2024-02-09 7:14:08,211.21.182.204,llk8b841,login_success,,,
2024-03-15 7:27:25,67.101.58.42,tbrgga0u,product_view,,,82554
2024-03-20 16:21:01,95.214.83.225,qq1y3bvd,login_success,,,
2023-08-09 4:53:31,168.61.63.148,e8zw93hc,promotion_click,,664,
2024-04-23 6:00:30,90.13.122.54,55ohfifi,login_attempt,,,
2024-03-04 6:38:37,243.151.195.40,hwcwx4lv,login_success,,,
2024-02-13 3:57:54,54.89.175.104,e54380oc,login_attempt,,,
2023-02-04 23:42:47,234.80.160.69,liwaiktj,login_failure,invalid_password,,
2023-07-26 3:24:51,29.221.155.26,b25taquo,login_failure,too_many_attempts,,
2023-09-11 1:05:09,141.34.141.207,h8k6hy4h,login_attempt,,,
2023-04-28 12:03:43,167.228.219.119,guest,checkout,,,
2023-01-29 3:08:28,142.186.187.131,ehcw5jzo,login_success,,,
2023-08-28 14:07:21,16.107.183.59,phgxj239,promotion_click,,936,
2023-05-24 4:59:45,15.142.8.18,uzcqw0i4,add_to_cart,,,49426
2024-04-03 19:39:18,157.249.147.174,3saea72j,login_attempt,,,
2023-02-06 20:03:07,47.86.25.179,9a5h1qrc,add_to_cart,,,60312
2023-09-11 6:21:32,111.204.49.172,nyy8fth0,promotion_click,,682,
2023-07-14 4:05:33,150.214.112.19,vzbr5ttz,promotion_click,,934,
2023-07-20 10:06:40,234.136.208.246,guest,login_attempt,,,
2023-12-30 17:17:19,192.125.28.158,jps9xq3y,login_failure,user_not_found,,
2023-05-26 12:53:22,196.30.230.199,guest,login_attempt,,,
2023-08-05 18:56:22,2.162.200.124,guest,login_success,,,
2023-11-27 7:25:48,106.66.143.96,csgz57g4,login_attempt,,,
2024-02-16 18:42:15,62.191.37.106,gqr2nrmx,checkout,,,
2023-01-18 8:19:56,98.56.83.66,rrp6ecum,checkout,,,
2023-01-14 13:42:54,139.10.244.147,guest,add_to_cart,,,37829
2024-03-17 22:27:06,54.209.167.252,31n61p7v,promotion_click,,909,
2024-01-08 21:27:20,59.139.51.150,guest,login_failure,too_many_attempts,,
2024-03-14 7:08:48,1.195.248.141,f1n6oh4b,login_failure,too_many_attempts,,
2023-03-21 2:44:10,62.220.228.168,eku3kb7w,promotion_click,,868,
2024-04-06 18:50:03,113.127.43.65,bej48q34,product_view,,,88857
2023-02-07 4:43:31,160.131.236.242,s76ohxk1,login_failure,invalid_password,,
2023-12-14 18:41:34,21.71.48.224,guest,product_view,,,57844
2023-03-08 5:13:48,233.10.255.56,jfnb2edn,login_failure,too_many_attempts,,
2023-05-02 10:54:57,45.67.117.14,um0rdrbr,product_view,,,22528
2023-05-26 21:50:37,199.61.68.220,m4c5khl2,login_attempt,,,
2024-02-16 20:02:43,219.104.33.154,9e7jrvh8,login_success,,,
2024-02-05 16:11:24,252.16.218.254,q123vky5,checkout,,,
2023-03-03 18:09:26,72.30.9.52,yc3w7gb0,login_failure,user_not_found,,
2023-07-31 13:00:28,9.127.190.90,guest,promotion_click,,739,
2024-02-06 1:57:37,14.117.97.200,guest,login_attempt,,,
2023-08-02 17:47:26,79.69.92.79,guest,login_attempt,,,
2023-09-27 12:26:11,18.169.135.75,ladb64jz,login_failure,user_not_found,,
2023-04-21 14:40:55,172.143.239.193,1rxxryju,login_failure,invalid_password,,
2023-10-26 23:52:37,214.1.60.159,9r6b3u2i,checkout,,,
2023-09-14 17:52:53,154.249.66.237,tku9wk3j,checkout,,,
2023-11-17 6:09:38,65.238.162.231,zjq2k8rj,product_view,,,95374
2023-11-14 2:57:54,191.197.181.124,l517esc8,checkout,,,
2023-11-29 15:27:19,248.3.65.130,sltor1hk,login_failure,user_not_found,,
2023-07-29 18:36:25,223.16.180.48,7dgrjm0w,login_attempt,,,
2023-09-02 9:23:35,46.179.53.35,kap0bf1p,checkout,,,
2023-02-10 10:24:11,140.89.234.126,bd6bi1h0,checkout,,,
2023-04-14 10:20:50,234.117.244.60,igcivqpp,promotion_click,,779,
2023-06-08 8:49:08,134.255.66.164,guest,login_attempt,,,
2023-09-24 1:53:55,59.168.56.21,p2cd5kt4,login_failure,user_not_found,,
2023-09-01 5:09:18,128.174.7.71,e5oh03ka,login_attempt,,,
2023-07-07 5:43:05,115.196.217.122,og0yqr1b,product_view,,,56243
2024-04-19 23:22:06,167.166.97.224,kqn6yprd,login_success,,,
2023-03-10 5:45:09,166.125.210.10,xebwi2uv,promotion_click,,462,
2023-09-12 0:38:09,12.231.81.89,exxhzwxm,login_failure,user_not_found,,
2023-02-11 23:35:19,208.119.186.50,guest,login_failure,user_not_found,,
2023-07-09 3:38:13,234.46.23.250,esivhyb0,login_failure,user_not_found,,
2023-03-04 0:04:35,219.105.79.233,l6v9wk30,checkout,,,
2023-10-17 2:41:49,213.1.201.164,9wozti4o,login_attempt,,,
2023-05-11 16:10:38,133.243.34.248,btyz4eb8,add_to_cart,,,42114
2023-04-29 0:10:08,122.169.231.188,75p3y2ip,add_to_cart,,,66494
2023-11-11 2:15:40,196.99.192.176,wskb25jw,add_to_cart,,,81863
2024-01-24 22:29:55,16.63.55.81,guest,promotion_click,,710,
2023-09-11 0:58:20,251.106.223.248,vqukwwjb,checkout,,,
2023-03-16 22:08:45,165.198.223.113,guest,login_attempt,,,
2024-02-18 22:31:12,198.161.46.32,lasoig4z,login_success,,,
2023-01-16 9:04:38,136.79.232.123,uzblex9u,login_attempt,,,
2023-12-25 7:49:06,198.76.154.35,2wmb29x3,login_failure,too_many_attempts,,
2023-06-06 9:10:09,223.91.173.207,guest,promotion_click,,215,
2024-04-10 8:38:05,16.15.86.230,guest,login_success,,,
2023-03-10 0:12:32,222.76.1.48,gwg45kgi,product_view,,,29661
2024-01-07 6:25:02,245.161.211.53,guest,product_view,,,50033
2023-06-22 5:24:33,172.59.118.58,guest,login_attempt,,,
2024-01-01 18:11:37,124.16.67.82,guest,promotion_click,,573,
2024-04-08 23:57:21,173.191.183.51,guest,login_success,,,
2023-11-05 2:26:17,222.85.100.197,c5q432dq,login_success,,,
2023-04-23 20:50:11,150.115.237.133,62r41e2j,checkout,,,
2023-07-29 23:48:16,61.139.137.223,w6dsxaw3,product_view,,,52811
2024-01-29 11:56:54,250.175.119.189,guest,product_view,,,83091
2023-08-23 8:55:44,37.242.186.79,9absrx7a,login_attempt,,,
2024-01-02 6:05:20,22.205.195.241,guest,checkout,,,
2023-04-23 22:12:27,140.30.19.16,juf2y2qg,promotion_click,,412,
2023-05-11 22:13:45,144.147.167.76,h7c8zp2s,promotion_click,,142,
2023-02-07 20:06:14,211.97.7.147,zs1d0brr,checkout,,,
2023-11-04 12:59:56,204.187.244.6,b6en4xer,checkout,,,
2023-03-31 21:42:02,46.141.29.45,tupsd40z,login_attempt,,,
2023-11-28 5:04:37,181.35.115.149,nd8lqb28,promotion_click,,749,
2023-03-31 9:24:38,208.233.228.143,7724j5tw,login_failure,user_not_found,,
2024-01-16 17:07:09,58.55.37.164,debs7vcb,add_to_cart,,,25141
2023-02-24 5:38:30,59.209.14.94,ny8ct6qs,promotion_click,,994,
2023-10-10 20:20:25,17.223.234.3,rod6ztzp,login_attempt,,,
2023-04-15 2:25:09,188.225.255.219,cc5aaibk,product_view,,,80649
2023-08-26 3:19:24,95.142.37.103,ciikl619,add_to_cart,,,11283
2023-04-18 3:45:42,188.211.191.134,h99oadfy,login_attempt,,,
2023-01-09 22:44:22,159.37.196.82,gzy3i3xl,login_attempt,,,
2023-01-19 15:50:47,145.129.205.218,p5u976m4,promotion_click,,834,
2023-10-19 15:20:32,30.48.37.198,smtdei68,promotion_click,,307,
2023-11-20 23:38:30,176.124.120.27,b3dncwv3,login_failure,too_many_attempts,,
2023-09-27 16:07:27,176.126.15.182,olraxqgf,login_failure,user_not_found,,
2024-04-01 3:16:15,94.54.28.11,831uvaxu,checkout,,,
2023-11-08 22:11:53,37.252.136.128,vh7gkxay,promotion_click,,864,
2023-05-31 13:31:41,157.191.129.106,6tku743u,add_to_cart,,,41818
2023-12-02 2:56:31,136.157.78.164,3chhru57,login_success,,,
2023-10-07 20:06:37,153.181.165.156,9svr7tw9,login_success,,,
2023-10-02 17:48:41,223.228.18.171,lupd6ne9,login_success,,,
2023-10-17 13:26:33,109.136.55.161,guest,login_attempt,,,
2024-04-21 16:05:47,209.11.250.254,58hjqmvn,login_attempt,,,
2023-06-25 15:17:03,183.49.146.137,ekl92nee,login_success,,,
2023-11-16 11:32:47,72.228.255.5,37u1u7bz,checkout,,,
2023-09-09 17:03:14,66.49.13.205,gsr14bqd,add_to_cart,,,90623
2023-02-15 5:04:06,101.188.217.246,4au7csju,product_view,,,93878
2023-01-30 4:39:08,202.69.3.106,guest,product_view,,,90288
2023-11-19 10:51:04,117.81.131.63,0pvipjg4,product_view,,,17158
2024-04-19 23:15:09,74.201.117.85,kxzafstb,promotion_click,,463,
2024-01-10 9:48:07,69.3.82.115,ohzmaszm,promotion_click,,497,
2023-03-20 8:40:24,97.26.189.201,ao9rvvft,login_attempt,,,
2023-10-05 15:11:58,175.69.48.56,nxeurq7u,add_to_cart,,,82285
2023-08-29 11:32:18,160.167.189.16,guest,promotion_click,,469,
2023-11-01 10:30:37,138.5.20.95,8i2emrpa,login_attempt,,,
2024-04-13 13:52:37,243.140.164.251,guest,login_failure,user_not_found,,
2023-07-24 14:00:54,180.21.130.49,j54woov3,login_attempt,,,
2023-04-03 6:27:31,248.133.220.195,guest,login_failure,invalid_password,,
2024-01-11 11:46:10,52.255.170.144,ntgf5juf,promotion_click,,246,
2024-02-18 19:07:41,73.222.6.243,guest,checkout,,,
2023-07-07 9:58:50,59.214.14.53,5je92cus,login_success,,,
2024-04-05 6:29:11,134.234.191.130,guest,promotion_click,,986,
2023-09-17 12:57:24,152.187.55.2,guest,product_view,,,92138
2023-07-30 9:53:08,119.129.179.183,fjbepz7c,login_success,,,
2024-03-20 14:08:32,105.49.28.122,guest,promotion_click,,832,
2023-07-17 14:01:48,155.220.12.16,ndxhq3a3,promotion_click,,790,
2023-02-13 20:24:54,231.0.100.230,43csqywh,checkout,,,
2023-09-28 14:09:34,148.20.141.16,xb7r5ty3,login_success,,,
2023-08-29 1:18:39,64.158.255.97,kl920hqv,promotion_click,,184,
2024-02-19 14:02:53,84.66.84.42,695zrtfk,product_view,,,93696
2023-06-27 1:03:24,180.10.54.178,guest,login_attempt,,,
2023-12-23 3:00:37,47.62.3.172,guest,add_to_cart,,,83858
2023-04-28 11:03:12,224.117.82.79,ezh6r4sn,login_attempt,,,
2024-04-09 6:56:06,11.99.111.226,m6nmjtjy,add_to_cart,,,14039
2023-11-13 4:15:32,29.178.140.50,05lqxm6t,add_to_cart,,,95538
2023-09-01 21:38:33,211.157.142.18,pnw3eiz7,login_failure,user_not_found,,
2023-04-13 15:25:31,13.217.254.184,ogxdfqqz,add_to_cart,,,96599
2023-01-11 2:01:15,124.199.147.58,1843yn3j,checkout,,,
2023-03-29 7:30:34,245.121.61.75,5j6k4yh2,login_attempt,,,
2024-03-06 15:35:25,208.135.135.246,w4zy58tl,checkout,,,
2023-03-04 23:14:19,54.31.23.52,vx1907fm,checkout,,,
2023-05-04 0:49:38,17.41.44.20,ibit8z8u,login_failure,too_many_attempts,,
2023-06-19 7:25:57,48.125.28.96,k2iqqjdw,add_to_cart,,,84564
2024-02-26 5:19:28,201.4.105.0,cx11medp,checkout,,,
2023-08-02 22:01:03,126.67.63.141,guest,login_attempt,,,
2023-01-21 0:20:17,69.55.148.235,moivnptq,promotion_click,,910,
2023-11-24 19:18:10,212.94.106.128,guest,login_success,,,
2023-05-08 22:58:08,67.25.142.35,qu1wd3y1,checkout,,,
2023-08-18 10:53:20,65.227.34.0,olk5srv0,checkout,,,
2024-04-17 4:41:16,55.198.82.42,upcpkg7b,promotion_click,,777,
2023-04-06 1:05:05,217.41.124.57,qwc78sqo,product_view,,,87676
2023-02-06 7:16:03,139.170.43.200,5rt0m7vm,login_failure,user_not_found,,
2024-02-28 2:05:21,115.97.56.226,guest,login_success,,,
2023-08-03 6:00:53,229.44.25.229,w7jt4fl0,add_to_cart,,,71715
2023-11-03 7:10:00,248.202.89.39,u8h9d2a0,login_failure,user_not_found,,
2024-01-09 20:58:27,126.111.204.233,wosdutka,login_success,,,
2023-12-09 16:32:00,146.183.229.228,qescn4cl,login_success,,,
2024-03-21 21:52:13,218.155.155.167,nomncdzn,promotion_click,,562,
2023-02-27 10:48:11,179.207.37.169,fiyp1dl7,login_attempt,,,
2023-04-02 7:14:00,206.101.175.120,80klkkqa,login_failure,invalid_password,,
2023-08-12 14:24:14,206.143.244.244,zx8eonxy,promotion_click,,458,
2024-01-03 0:03:48,194.230.218.218,guest,login_attempt,,,
2023-01-20 15:43:56,132.210.100.99,ukatv899,login_failure,user_not_found,,
2023-05-17 19:15:16,202.88.217.62,51ac0518,login_failure,invalid_password,,
2023-08-01 13:58:32,181.51.87.14,ze38ox59,login_failure,user_not_found,,
2023-07-11 23:43:34,45.247.65.225,kmver27x,login_attempt,,,
2023-01-30 4:05:28,111.178.218.112,gjjv0iyu,login_failure,too_many_attempts,,
2023-09-30 3:39:34,47.105.24.18,zpvr8dpx,login_attempt,,,
2023-07-10 20:30:10,5.175.147.104,4hr7k4jw,promotion_click,,339,
2023-11-07 1:10:46,116.141.104.213,yzwd2db8,login_success,,,
2023-10-23 18:39:12,218.144.253.50,iz0alnob,promotion_click,,595,
2023-03-24 3:40:47,84.133.148.150,cr2t7gpf,login_success,,,
2023-07-18 16:47:45,62.63.157.182,e05qecgy,add_to_cart,,,51192
2023-02-10 8:32:56,94.166.156.35,sbbuin54,checkout,,,
2023-08-15 14:48:55,180.102.57.211,58snplto,add_to_cart,,,18649
2023-05-20 13:02:33,58.96.72.217,hdn0qgug,login_failure,too_many_attempts,,
2024-03-02 18:32:35,235.103.231.67,1x1c9zbt,login_success,,,
2024-03-19 11:36:56,169.140.241.41,zgys2pe6,checkout,,,
2023-07-12 11:30:48,107.15.252.192,c6a2tz2c,checkout,,,
2024-04-16 12:19:33,65.189.136.55,xq2d7inw,product_view,,,99764
2023-11-21 22:29:53,100.208.82.233,0xmdjki3,add_to_cart,,,62297
2023-06-23 17:23:03,190.110.250.66,xzdyxk9l,product_view,,,62417
2023-10-04 7:00:16,58.75.173.34,zd95azif,login_attempt,,,
2024-03-20 18:20:28,115.183.6.248,9f86m4sw,login_success,,,
2023-07-09 9:51:47,48.37.129.15,guest,promotion_click,,677,
2024-02-12 21:04:18,73.227.72.69,guest,login_attempt,,,
2024-03-15 2:01:29,94.38.109.158,582wlfl6,login_attempt,,,
2023-01-24 5:18:25,93.36.248.53,75brshk4,promotion_click,,853,
2024-02-04 23:47:38,50.170.255.187,lcq3s1do,login_success,,,
2023-01-19 21:49:40,27.116.251.233,kybbs6wa,checkout,,,
2023-07-25 3:50:32,98.40.125.242,guest,promotion_click,,505,
2023-10-08 19:44:06,4.248.206.201,guest,login_failure,too_many_attempts,,
2023-12-03 7:37:29,144.136.242.163,wlhrshsg,product_view,,,59731
2023-03-21 9:40:17,25.213.132.48,3wgi8gmb,promotion_click,,897,
2024-04-24 20:44:18,58.39.69.167,2tv6uubc,login_attempt,,,
2024-02-07 20:56:51,42.149.170.134,8w00t5tx,product_view,,,40748
2023-01-11 1:07:57,246.168.174.91,bqji5bpu,login_success,,,
2023-10-27 12:17:14,26.46.132.178,gc32i82n,login_failure,too_many_attempts,,
2023-05-28 21:57:20,1.28.9.115,guest,promotion_click,,208,
2023-06-15 19:18:58,128.0.72.151,jxd4zdb9,login_success,,,
2023-01-02 6:34:06,219.7.206.241,2dwfpkg4,product_view,,,52973
2023-08-18 4:53:46,17.52.148.220,guest,login_attempt,,,
2023-01-26 19:27:19,46.79.48.125,guest,checkout,,,
2023-10-09 13:03:54,121.222.198.134,guest,add_to_cart,,,11953
2023-09-17 2:10:26,30.208.17.106,guest,promotion_click,,528,
2023-11-22 11:26:07,114.9.37.98,jx0lwiyy,checkout,,,
2023-02-28 3:54:25,30.42.89.15,yopccmj1,add_to_cart,,,10629
2023-08-25 20:45:15,225.64.119.111,guest,login_failure,invalid_password,,
2023-11-30 4:30:26,198.168.171.195,guest,login_attempt,,,
2023-08-05 8:26:44,59.220.51.34,guest,promotion_click,,786,
2024-01-27 1:26:37,171.207.233.90,rfcdzwd8,add_to_cart,,,11927
2024-02-05 16:11:08,66.119.203.44,p28kb6jj,login_success,,,
2024-03-18 2:50:58,141.180.18.85,guest,login_attempt,,,
2023-09-21 22:09:26,75.167.83.142,8sxvtunw,add_to_cart,,,77982
2023-10-29 2:30:00,123.60.188.129,lh1pa8yb,login_success,,,
2023-08-29 14:50:44,222.186.172.34,guest,login_failure,user_not_found,,
2024-03-18 21:19:26,179.244.207.70,3jaen51s,login_success,,,
2024-03-24 14:47:31,178.10.2.159,sprnw05w,add_to_cart,,,80436
2023-03-18 3:45:26,172.162.198.251,jkopa8fu,login_failure,invalid_password,,
2023-06-09 11:17:19,248.13.107.94,2s0w3bum,login_attempt,,,
2024-03-24 16:35:03,247.36.149.113,w458par1,login_success,,,
2024-03-30 3:42:00,134.170.247.202,2k994vy4,login_failure,user_not_found,,
2023-03-15 10:18:03,40.91.236.191,o2rf3un1,login_failure,user_not_found,,
2023-10-30 0:48:17,82.59.18.235,7rxjph4p,checkout,,,
2024-03-20 21:21:45,213.228.176.64,sft6kiwg,login_attempt,,,
2023-07-10 2:34:01,207.52.206.169,lr0mobhy,checkout,,,
2023-05-19 12:49:41,31.183.112.36,hgz8iiuk,login_success,,,
2024-03-10 9:04:50,197.197.48.72,a0l78lvj,promotion_click,,232,
2023-05-16 8:10:53,29.235.85.186,4gzsvtsk,add_to_cart,,,68917
2023-01-25 19:36:18,147.249.143.202,5ylst05i,promotion_click,,366,
2023-03-22 7:59:27,55.243.57.42,iec864l4,add_to_cart,,,42287
2023-08-26 1:14:51,66.34.173.146,unwsps17,product_view,,,95144
2023-08-14 5:06:20,141.237.193.141,knysum20,checkout,,,
2023-10-02 19:30:55,239.243.234.63,85ruiln9,product_view,,,76636
2024-04-01 23:39:17,216.207.193.127,473etu3y,login_attempt,,,
2023-09-13 5:18:52,209.37.96.219,e40iv2y3,product_view,,,18029
2024-02-25 13:17:01,51.42.7.33,pkldzngh,promotion_click,,657,
2023-04-09 10:52:02,198.187.203.239,01txktx6,login_attempt,,,
2024-04-17 8:22:03,36.12.153.118,uvfc37it,add_to_cart,,,30618
2023-06-06 4:32:18,36.141.15.117,kjkv5vnh,add_to_cart,,,86901
2023-11-19 8:03:02,7.143.169.22,vfql0lno,promotion_click,,395,
2023-07-04 5:28:25,154.191.248.166,x2vr7ipo,checkout,,,
2023-07-29 5:07:43,137.36.152.80,gwprcl8t,add_to_cart,,,32672
2023-11-26 19:08:29,66.192.157.24,coviuirc,login_attempt,,,
2023-02-15 19:55:01,11.56.8.39,6tb90441,login_success,,,
2024-03-12 19:35:03,0.233.121.252,ru175hz6,product_view,,,33845
2023-09-03 17:00:04,19.220.69.91,guest,login_failure,too_many_attempts,,
2023-03-30 3:37:25,165.195.93.32,ym8425ej,promotion_click,,178,
2024-01-20 20:40:24,159.175.196.193,guest,product_view,,,37178
2023-11-13 7:57:50,174.7.243.102,jaar7xx0,login_attempt,,,
2024-04-24 10:39:31,179.3.142.12,sus60xxr,checkout,,,
2023-12-09 14:01:10,102.179.223.177,srnehi3s,checkout,,,
2024-04-21 12:47:53,38.114.37.94,guest,login_attempt,,,
2024-01-21 21:20:29,71.6.27.215,g87jkxrv,add_to_cart,,,12608
2024-03-21 19:03:02,39.4.254.200,b8kbh3xh,checkout,,,
2023-06-16 21:14:16,238.132.245.222,93u1ehiq,checkout,,,
2023-03-19 0:28:27,145.216.58.237,2x45b2zb,login_failure,user_not_found,,
2023-06-11 5:49:45,236.41.159.122,i1d1modo,promotion_click,,279,
2023-04-28 1:11:02,131.210.237.109,fpelx4zr,promotion_click,,507,
2023-03-02 12:18:39,160.39.149.232,nadczkm4,login_attempt,,,
2023-09-28 1:40:08,243.74.187.142,dibkjfg4,product_view,,,32156
2024-02-25 13:55:07,131.24.218.78,guest,product_view,,,13091
2023-01-14 0:29:48,226.248.253.164,lbhjg0ql,login_attempt,,,
2024-03-10 22:17:19,21.60.49.104,hpkswbos,login_failure,too_many_attempts,,
2023-05-22 15:22:50,191.191.238.151,grhhku7v,login_failure,too_many_attempts,,
2024-01-29 16:32:26,26.131.72.27,ndotrnk0,login_success,,,
2023-10-25 6:58:16,67.143.100.227,3iij7bfs,login_success,,,
2023-08-24 18:54:14,25.33.49.116,e775btd9,product_view,,,63745
2023-10-17 14:17:37,43.110.50.247,33ydxon5,login_failure,user_not_found,,
2024-01-22 6:30:36,115.106.135.137,91abozzc,checkout,,,
2023-08-11 1:04:37,190.177.254.150,qmqrl5wo,login_failure,too_many_attempts,,
2023-02-12 6:58:01,99.41.243.194,c0eyzjdj,login_failure,too_many_attempts,,
2024-04-07 11:48:06,48.199.46.19,r97ouls0,add_to_cart,,,60752
2024-01-24 6:27:47,8.33.118.205,jspjt916,login_failure,invalid_password,,
2024-01-02 10:17:24,35.61.9.120,1a1zf9jg,login_attempt,,,
2023-09-29 2:12:08,49.96.167.76,k9lenzir,checkout,,,
2024-03-04 2:59:57,32.151.18.194,z77t5f69,login_attempt,,,
2023-09-13 13:40:58,152.11.222.132,il6qsjkm,login_attempt,,,
2024-01-03 21:03:21,253.165.192.182,839rh7dp,add_to_cart,,,69127
2023-03-12 21:20:28,27.245.233.175,4g6t6n49,promotion_click,,730,
2024-02-06 15:52:52,57.204.151.120,p9eoczxu,login_attempt,,,
2024-04-11 0:38:59,251.13.199.69,guest,login_success,,,
2023-11-06 23:24:25,91.227.155.135,lm20nsz1,product_view,,,63490
2023-03-10 17:13:49,113.168.52.11,68ujmi8n,login_attempt,,,
2024-04-21 12:02:53,253.181.72.12,o6b6l56d,promotion_click,,794,
2023-12-09 5:35:45,16.250.79.13,9c76l7ul,login_attempt,,,
2023-01-25 7:11:21,179.237.213.100,zv6kc3ki,checkout,,,
2023-12-03 14:32:43,252.117.147.8,guest,checkout,,,
2024-03-23 9:03:27,130.190.119.6,o6xu0stj,promotion_click,,150,
2023-10-05 1:33:20,125.92.137.247,jvks4klt,add_to_cart,,,87931
2023-07-03 4:56:53,187.123.88.125,guest,login_success,,,
2023-05-16 20:25:45,199.15.227.218,dyh7mdu8,add_to_cart,,,75855
2023-02-24 15:54:13,228.116.82.80,6bsqeg3b,product_view,,,94757
2023-02-17 20:33:56,145.0.63.63,tpu7kxjd,login_failure,invalid_password,,
2023-05-25 8:23:10,27.119.181.242,34uhhh27,login_success,,,
2023-01-16 2:37:09,123.247.69.190,km3uzpxj,product_view,,,80159
2024-02-04 0:54:55,118.161.183.6,guest,login_success,,,
2023-12-20 21:52:14,131.197.132.107,o9oqs7c3,product_view,,,90795
2023-02-19 18:17:18,201.202.62.218,mia2pwup,add_to_cart,,,72134
2024-01-21 7:49:14,78.24.172.42,ygjvue7l,checkout,,,
2023-08-01 0:50:26,90.246.95.233,u141in9d,product_view,,,62607
2023-12-13 21:27:09,57.19.5.53,wp8z377s,login_failure,user_not_found,,
2023-06-26 15:45:28,52.94.251.170,guest,add_to_cart,,,44212
2023-02-27 5:58:39,183.165.226.41,lxyzdvho,checkout,,,
2023-05-30 6:32:40,162.30.137.108,mh7r2k4z,add_to_cart,,,63856
2023-09-03 22:12:02,173.64.132.44,7sifmd4t,login_attempt,,,
2024-03-11 14:43:25,82.21.23.208,t93pm7qs,login_success,,,
2023-06-01 19:01:38,113.118.196.80,racdrdm1,login_failure,user_not_found,,
2024-02-21 7:11:09,60.232.93.178,guest,login_attempt,,,
2024-03-12 21:23:40,149.70.221.27,z4078r2c,login_attempt,,,
2023-01-08 22:55:41,235.17.117.199,w8tt69wx,promotion_click,,903,
2023-02-01 20:29:32,61.218.136.210,j3zhmrv8,checkout,,,
2023-09-13 4:28:11,158.115.88.234,htdena6a,product_view,,,11097
2023-12-31 4:37:43,139.65.202.246,p1r23t4b,checkout,,,
2023-06-14 18:41:29,23.110.14.245,1vuqifs1,add_to_cart,,,77321
2023-06-28 15:44:49,73.179.204.43,1ckldvl4,promotion_click,,973,
2023-05-27 5:39:01,130.11.67.122,icyssf4c,login_success,,,
2023-02-06 6:51:43,240.30.171.108,guest,promotion_click,,599,
2023-03-01 8:44:46,152.171.208.106,0k8bddd2,promotion_click,,273,
2023-03-07 1:55:59,52.65.129.135,c8czfaxz,login_success,,,
2023-06-24 8:03:49,113.140.86.235,ssdkcf4j,add_to_cart,,,97327
2023-03-29 13:39:35,7.189.74.25,guest,login_attempt,,,
2023-01-22 23:01:29,26.191.201.204,xtdisiat,login_success,,,
2023-02-18 4:38:51,27.40.72.108,eha5o3g1,login_failure,too_many_attempts,,
2023-05-03 1:23:18,111.173.7.184,guest,product_view,,,24267
2023-01-18 23:06:52,184.192.223.252,f551teqg,product_view,,,96660
2023-11-01 12:09:31,12.137.147.90,m7xe4wvg,checkout,,,
2024-04-04 19:49:19,89.172.50.35,225vj803,login_attempt,,,
2023-05-31 7:25:01,254.139.228.45,xllguguf,login_attempt,,,
2023-01-06 18:53:47,54.164.85.109,y1cd8xxm,add_to_cart,,,86018
2023-04-20 7:45:32,223.39.212.147,w3iubx6y,promotion_click,,670,
2023-03-08 2:26:31,84.209.17.81,3f5ooa3x,login_attempt,,,
2023-04-18 12:36:20,245.73.36.232,y1kvqz0u,checkout,,,
2023-02-02 16:51:04,24.34.142.148,iosoz4ij,login_success,,,
2023-12-14 7:54:29,240.135.184.158,op9fywlx,promotion_click,,937,
2024-01-04 18:48:35,216.123.205.12,guest,product_view,,,73570
2024-03-16 9:21:35,6.128.140.192,sadv3wom,checkout,,,
2023-03-18 11:44:50,168.101.137.17,7gcouo0a,add_to_cart,,,96588
2024-01-15 0:57:40,120.39.222.190,c0yiu9n6,login_success,,,
2024-02-21 22:19:00,149.9.207.152,nr6z2asg,login_failure,user_not_found,,
2024-04-07 14:13:35,220.140.27.76,ag3xwmym,add_to_cart,,,37746
2023-12-20 20:07:04,137.223.208.131,guest,login_attempt,,,
2023-08-08 21:13:39,15.188.172.189,kx6dp2zn,promotion_click,,732,
2024-02-16 16:09:52,206.9.47.122,l28r9az2,add_to_cart,,,80774
2024-02-22 2:36:32,164.19.209.107,j0krnmxj,login_success,,,
2024-01-19 23:34:58,32.234.35.5,hfzi57kw,login_attempt,,,
2023-04-11 7:33:19,228.197.212.62,cqa612ib,login_failure,too_many_attempts,,
2023-08-10 9:53:30,102.92.94.83,c4qt9wtm,login_success,,,
2023-03-22 9:11:13,124.180.247.238,y0h8vyyp,login_failure,invalid_password,,
2023-07-24 10:54:40,78.58.98.168,455dsl8y,login_attempt,,,
2023-12-01 16:59:11,174.149.28.178,82kxqw2h,product_view,,,25403
2023-08-16 7:26:21,110.148.129.87,ngdgl6za,login_failure,too_many_attempts,,
2024-01-25 12:41:21,188.13.51.70,yh1luhdu,login_success,,,
2024-01-26 19:12:35,186.169.178.96,70lyobbf,login_failure,user_not_found,,
2023-03-06 0:15:08,112.135.239.115,u155318s,checkout,,,
2023-08-03 14:28:43,3.14.95.238,xwftzicx,promotion_click,,359,
2024-01-12 15:56:45,244.233.148.161,05uwu135,add_to_cart,,,12040
2023-07-06 3:07:26,25.81.58.19,guest,login_failure,too_many_attempts,,
2024-02-16 5:11:05,171.225.141.204,64qhtsz9,checkout,,,
2024-01-01 10:34:43,209.223.138.98,rwvfiacu,login_success,,,
2024-04-08 3:00:53,28.116.155.101,vj494rcp,add_to_cart,,,88646
2023-01-25 15:04:49,49.12.156.112,3t6puc3b,login_success,,,
2023-05-13 13:26:26,183.133.115.118,342zyz43,promotion_click,,240,
2023-06-02 21:58:41,240.137.67.163,fcpaxhfv,checkout,,,
2023-08-21 13:48:00,84.125.153.182,uzsif7h6,login_failure,invalid_password,,
2023-12-13 5:42:29,7.108.28.235,l05mrbxh,login_attempt,,,
2023-12-15 5:59:08,129.57.221.79,db1671kz,login_success,,,
2023-08-07 1:38:01,194.8.4.78,guest,login_attempt,,,
2023-01-09 3:01:45,241.148.254.19,swe41ehk,product_view,,,64662
2024-04-10 2:44:22,55.154.105.230,guest,checkout,,,
2023-04-14 3:06:22,247.95.240.60,1esl2t6j,login_attempt,,,
2023-10-24 0:08:12,102.2.234.250,2k3mpfi8,login_failure,invalid_password,,
2023-09-23 10:22:52,220.43.23.94,guest,login_failure,too_many_attempts,,
2023-03-15 15:17:41,249.32.80.254,tykqujo6,checkout,,,
2023-04-03 9:22:01,145.61.134.244,fh96nxph,product_view,,,80204
2023-05-20 5:14:45,217.92.140.166,jz4yvmgy,login_success,,,
2024-04-13 6:30:38,165.252.108.152,guest,login_success,,,
2024-01-09 17:37:46,111.204.70.151,o9cyl6pu,login_success,,,
2023-04-04 2:21:32,25.252.58.144,wudj550c,promotion_click,,793,
2024-01-29 1:17:08,196.60.4.140,sno18a8b,promotion_click,,746,
2023-12-02 14:48:10,42.18.155.151,koygw3oz,promotion_click,,232,
2023-06-04 17:09:04,11.92.105.102,01froukc,promotion_click,,419,
2023-08-20 7:58:16,184.229.120.201,guest,product_view,,,99422
2023-05-13 5:37:23,52.146.30.140,wtamovzb,login_success,,,
2024-02-24 11:08:28,60.116.233.96,guest,checkout,,,
2024-04-19 16:52:41,155.110.240.163,zo6lrffo,login_failure,user_not_found,,
2023-10-25 22:40:53,212.26.70.21,k88n2nju,promotion_click,,517,
2023-04-25 10:27:06,30.178.81.116,6u6vcsrv,login_success,,,
2023-08-01 8:55:30,82.130.31.18,cdk2szn0,checkout,,,
2024-03-15 6:49:02,19.4.196.65,guest,login_success,,,
2024-01-25 7:02:39,40.158.187.115,0td01es0,login_success,,,
2023-09-16 8:36:47,233.0.224.22,kn91o7j8,product_view,,,40855
2023-03-25 10:41:22,196.0.161.56,k7bie8pn,add_to_cart,,,60910
2024-04-15 22:14:44,53.157.37.152,fiqkue8o,promotion_click,,631,
2023-07-07 1:15:17,221.67.124.5,43ub79np,promotion_click,,683,
2024-04-10 7:06:23,142.195.125.68,ihyrlbf7,promotion_click,,954,
2023-04-11 1:05:40,188.178.59.252,z0nayoyj,promotion_click,,473,
2023-12-27 3:43:26,7.175.27.21,hf05r8f1,login_failure,invalid_password,,
2024-02-16 18:14:44,69.131.30.255,t3p0zbgr,login_success,,,
2023-01-25 7:36:45,245.146.185.223,wq1shl8b,promotion_click,,624,
2023-04-23 16:39:34,97.127.168.172,tc5yt6zb,checkout,,,
2023-07-22 15:06:49,84.3.179.43,ngczf1dd,login_attempt,,,
2023-04-16 2:07:14,129.156.250.67,2qciu8h5,login_success,,,
2023-06-17 8:40:46,173.86.181.194,he6zmz7n,login_success,,,
2024-01-06 11:59:13,6.137.66.34,guest,login_success,,,
2023-06-05 1:22:34,171.43.20.52,kpjwd39n,login_failure,invalid_password,,
2023-10-05 1:07:28,161.114.47.109,1alhz0cm,login_attempt,,,
2023-02-24 3:10:12,48.186.157.66,13vadn0f,login_attempt,,,
2023-05-26 2:52:47,67.231.189.5,e31i2kmm,checkout,,,
2024-04-10 4:45:04,2.180.216.40,ij7zat7m,add_to_cart,,,72481
2023-09-14 11:28:13,30.1.220.38,vtbffarz,login_failure,user_not_found,,
2023-11-10 15:29:34,250.50.72.18,gjd4jlji,login_attempt,,,
2023-08-03 13:16:51,68.254.114.124,zz3xgscv,login_success,,,
2024-02-27 18:48:16,25.139.22.213,pwafbui2,promotion_click,,514,
2023-08-24 10:39:51,35.189.102.56,lk6m40at,login_success,,,
2023-07-24 3:52:21,94.105.83.176,g9p9h737,login_failure,user_not_found,,
2023-07-30 0:47:59,9.122.14.45,guest,login_success,,,
2023-09-11 1:43:54,15.142.214.170,guest,checkout,,,
2024-02-22 18:02:25,42.138.241.56,sk5j7709,login_success,,,
2023-06-10 7:05:48,41.124.187.129,z5gyui53,login_success,,,
2024-01-17 12:32:20,118.182.245.111,j1t6km90,login_attempt,,,
2023-11-01 7:04:51,1.204.156.120,guest,promotion_click,,977,
2024-02-22 5:19:23,180.140.190.203,guest,add_to_cart,,,39746
2023-06-08 5:13:09,128.67.199.76,1jixphh8,checkout,,,
2023-03-04 4:16:43,38.14.113.191,guest,product_view,,,40156
2023-11-11 17:10:25,48.38.35.214,db1e79wx,login_success,,,
2023-08-12 6:10:49,185.63.36.11,guest,add_to_cart,,,84561
2024-02-24 0:42:31,168.78.193.44,idjsb1uu,promotion_click,,217,
2023-11-02 9:25:27,115.239.28.252,gctq0row,login_success,,,
2023-02-06 14:24:58,178.123.167.55,a1vvjvqy,add_to_cart,,,78528
2023-05-12 14:41:45,152.19.249.243,p6fho7cw,login_failure,too_many_attempts,,
2023-11-11 4:35:18,202.56.164.212,guest,product_view,,,89624
2023-11-20 10:22:43,18.126.145.141,60lmc68e,login_failure,user_not_found,,
2024-02-18 8:29:00,186.98.124.131,6fek7p8i,login_attempt,,,
2024-02-26 5:28:23,3.6.63.182,osd6f4f6,login_success,,,
2023-08-15 5:19:53,31.60.128.156,ha2qy46p,checkout,,,
2023-03-01 8:01:24,95.247.143.22,rqraiol9,login_success,,,
2023-02-04 5:37:56,60.107.11.68,vfu1wjxm,product_view,,,42750
2023-07-27 8:12:40,47.212.137.66,vwg8aq9h,login_attempt,,,
2023-01-22 19:17:55,247.181.93.130,08n5o4aa,login_attempt,,,
2023-11-21 10:08:40,85.71.38.242,5fa01j59,login_failure,invalid_password,,
2023-08-08 17:21:03,159.199.10.24,guest,login_success,,,
2023-09-22 18:36:12,157.81.90.119,guest,checkout,,,
2023-11-02 20:20:22,162.155.110.104,yqc0cvd9,promotion_click,,403,
2023-11-28 10:30:40,29.203.145.102,um6dr0qk,login_attempt,,,
2023-09-02 5:39:34,33.231.127.113,tabb9abv,product_view,,,77301
2023-01-10 12:19:50,37.250.25.225,f04hcr0q,login_attempt,,,
2023-04-07 16:52:51,199.49.63.175,dr5qgwz8,login_attempt,,,
2023-12-26 18:28:16,144.1.98.211,wghwgo4e,login_success,,,
2023-09-06 11:17:20,179.47.167.252,zgwn720q,login_attempt,,,
2023-02-17 4:30:43,103.49.45.62,vbemajzu,add_to_cart,,,40269
2023-11-08 13:21:16,102.249.138.106,guest,promotion_click,,639,
2023-02-25 15:08:10,189.114.213.132,ub3e63eu,login_success,,,
2023-02-07 16:32:56,152.24.17.215,0e3qdhah,product_view,,,98320
2023-08-04 0:42:51,136.72.68.213,guest,login_success,,,
2023-08-27 17:30:49,80.116.212.238,guest,login_attempt,,,
2024-01-05 4:27:50,164.44.182.179,k3xq6ji6,checkout,,,
2024-04-15 4:43:15,155.72.18.84,f5yfhw3n,login_failure,user_not_found,,
2023-07-01 13:43:23,254.123.52.105,5nvyhbed,promotion_click,,124,
2023-05-16 2:07:40,215.93.31.67,i6yzdweq,checkout,,,
2023-12-09 9:37:39,3.108.56.159,3frkszw7,product_view,,,53258
2023-04-02 23:29:03,127.171.157.66,mc7kxktg,product_view,,,27915
2023-06-02 5:37:39,168.157.16.111,ep4fwayd,checkout,,,
2023-06-04 17:09:16,158.234.239.198,2qbgmcwa,login_failure,invalid_password,,
2023-03-21 5:39:44,166.5.7.179,01cd20gc,login_failure,too_many_attempts,,
2024-02-22 9:24:25,144.208.247.11,jybozmk9,login_failure,user_not_found,,
2023-01-03 8:53:05,35.136.141.113,guest,login_success,,,
2024-03-01 17:38:49,32.82.14.96,m2aeczhr,promotion_click,,813,
2023-07-08 22:01:05,19.27.108.59,6mzy3pif,add_to_cart,,,37847
2023-10-24 21:35:07,27.226.216.245,kfw9dd9p,checkout,,,
2023-06-04 2:04:22,94.70.97.216,xixwpcn9,login_success,,,
2023-08-14 18:07:07,197.227.82.1,asr0q768,login_failure,user_not_found,,
2023-08-16 9:54:48,1.74.152.12,6br5q5na,login_attempt,,,
2024-03-06 7:37:34,36.173.226.153,dn8c2w1j,promotion_click,,798,
2023-05-06 0:41:46,103.86.160.222,9o85wmjh,add_to_cart,,,52343
2023-12-13 23:44:39,145.206.49.208,ejt9erg1,login_success,,,
2023-04-19 15:56:48,100.194.15.89,2yljmrel,add_to_cart,,,60146
2023-07-22 11:45:48,74.126.11.104,cig68ftq,login_success,,,
2023-08-24 4:55:00,18.175.230.156,w15dpo0p,add_to_cart,,,49765
2023-12-17 13:35:17,231.237.113.144,ij5gmbsg,login_success,,,
2023-01-30 18:09:53,166.100.66.54,u58nxcer,add_to_cart,,,14365
2024-03-07 19:22:55,94.201.147.232,vogsykkp,product_view,,,10913
2023-12-21 20:08:04,127.6.182.129,b8vykh8y,login_attempt,,,
2024-01-04 5:53:05,169.163.115.53,guest,promotion_click,,708,
2023-03-23 1:20:00,112.71.111.238,guest,product_view,,,83328
2023-12-15 14:33:03,139.216.101.166,yldngksr,login_success,,,
2023-11-24 19:07:38,224.219.112.154,7hmf20se,product_view,,,45475
2023-11-22 6:53:41,63.9.116.149,b567tbh2,login_attempt,,,
2023-11-08 13:19:20,16.88.115.240,guest,login_failure,too_many_attempts,,
2023-03-24 9:15:03,228.206.180.176,dk4adw1q,product_view,,,93459
2023-10-15 13:09:55,211.92.73.200,tzczx875,login_failure,invalid_password,,
2023-09-14 17:23:54,212.237.162.212,fsuvofc7,add_to_cart,,,16174
2024-04-15 21:11:16,80.177.68.126,7zl2r0kx,login_attempt,,,
2024-01-03 21:04:44,220.94.250.229,klsyzyoz,login_success,,,
2023-01-06 22:20:26,197.249.131.87,lpmsdzla,checkout,,,
2023-06-29 6:55:32,141.86.11.218,noqiqkr2,checkout,,,
2023-07-20 18:25:16,60.168.55.91,n0fkcc1h,login_failure,user_not_found,,
2023-02-26 0:43:05,126.94.246.199,guest,promotion_click,,556,
2023-02-04 16:51:38,118.80.185.106,c8s5ivne,add_to_cart,,,57482
2023-04-11 8:41:14,26.47.77.138,jg5bc478,checkout,,,
2023-10-10 18:31:03,175.12.228.22,fz5ybq30,add_to_cart,,,76249
2023-09-12 18:11:35,108.130.250.247,udponwdp,add_to_cart,,,68727
2023-04-07 4:28:53,98.197.106.2,h5b95c7k,login_success,,,
2023-04-21 18:00:35,103.30.7.96,guest,product_view,,,25552
2023-01-05 10:41:32,112.225.108.235,3ptbvnnz,product_view,,,87791
2024-01-18 23:50:56,124.145.209.197,3if0qnkq,login_attempt,,,
2024-04-08 0:45:08,18.194.49.152,za2ooqfe,login_success,,,
2023-03-15 14:43:30,177.207.161.151,guest,login_failure,too_many_attempts,,